league_name,website,discovery_status,clubs_found_count
i9 Sports,https://www.i9sports.com,fetch_not_attempted,0
Unrivaled Sports / Unrivaled Flag,https://unrivaledflag.com,fetch_not_attempted,0
Under the Lights Flag Football (Unrivaled),https://www.uaflag.com,fetch_not_attempted,0
Football N America / FNA (Drew Brees),https://playfna.com,fetch_not_attempted,0
Next Level Flag Football,https://www.nextlevelsports.com,fetch_not_attempted,0
National Flag Football (NFF),https://www.nationalflagfootball.com,fetch_not_attempted,0
N Zone Sports,https://nzonesports.com,fetch_not_attempted,0
Gridiron Football (G Series),https://gridironfb.com,fetch_not_attempted,0
American Flag Football League (AFFL),https://affl.com,fetch_not_attempted,0
7v7 Unlimited,https://www.7v7unlimited.com,fetch_not_attempted,0
RCX Sports (NFL FLAG operator),https://nflflag.com,fetch_not_attempted,0
St. Louis Flag Football / Elite Football Academy,https://stlflagfootball.com,fetch_not_attempted,0
Wishbone Sports,https://wishbonesports.com,fetch_not_attempted,0
East Bay NFL Flag,https://www.eastbaynflflag.com,fetch_not_attempted,0
NorCal Flag Football,https://www.norcalflagfootball.org,fetch_not_attempted,0
NFL FLAG SoCal,https://nflflagsocal.com,fetch_not_attempted,0
NFL Flag Football Inland Empire,https://www.nflflagie.com,fetch_not_attempted,0
NFL Flag San Diego,https://www.nflflagsd.com,fetch_not_attempted,0
CALFLAG,https://calflag.com,fetch_not_attempted,0
SV5 NFL Flag Football,https://www.sv5nflflag.com,fetch_not_attempted,0
Core 5 Flag Football,https://core5ff.com,fetch_not_attempted,0
AZ Youth Flag Football Brigade,https://www.azfootballbrigade.com,fetch_not_attempted,0
AZ Turf Warz,https://www.azturfwarz.com,fetch_not_attempted,0
Club Sports Alaska,https://www.clubsportsalaska.com,fetch_not_attempted,0
Alaska Elite Flag Football League,https://alaskaeliteflagffl.com,fetch_not_attempted,0
Missouri Wolverines Youth Football,https://www.missouriwolverines.com,fetch_not_attempted,0
Kansas City NFL FLAG (Sporting KC venue),https://www.kcflagfootball.com,fetch_not_attempted,0
Red Zone Youth Football,https://redzonecamp.com,fetch_not_attempted,0
Blue Chip Youth Sports,https://www.bluechipyouthsports.com,fetch_not_attempted,0
Skyhawks Sports,https://skyhawks.com,fetch_not_attempted,0
Midwest Flag Football,https://midwestflagfootball.com,fetch_not_attempted,0
Metro Boston NFL Flag / Metro Boston Sports Group,https://www.metrobostonsportsgroup.com,fetch_not_attempted,0
DeSoto Youth Sports Leagues (DYSL),https://dyslflagfootball.sportngin.com,fetch_not_attempted,0
Mo-Kan NFL FLAG,https://www.mokannflflag.com,fetch_not_attempted,0
Dakota Domination,https://www.dakotadomination.com,fetch_not_attempted,0
NW Vegas Flag,https://www.nwvegasflag.com,fetch_not_attempted,0
New Jersey Flag Football League,https://www.njflag.com,fetch_not_attempted,0
Spring Hill NFL Flag Football League,https://www.springhillnflflagfootball.com,fetch_not_attempted,0
GoodSports USA / Monmouth County Flag,https://www.goodsportsusa.com/football,fetch_not_attempted,0
NFL Flag NJ Morris County,https://www.nflflagnj.com,fetch_not_attempted,0
Next Gen Flag Football Illinois,https://www.nextgenflagfootball.net,fetch_not_attempted,0
SWYFT Flag,https://www.swyftflag.com,fetch_not_attempted,0
SYC Flag Football (Springfield Youth Club),https://www.sycva.com/flagfootball,fetch_not_attempted,0
406 Youth Sports Association,https://www.406youthsports.com,fetch_not_attempted,0
NFL FLAG (via NFL Foundation / RCX Sports),https://nflflag.com,fetch_not_attempted,0
Pop Warner Little Scholars,https://www.popwarner.com,fetch_not_attempted,0
American Youth Football (AYF),https://www.americanyouthfootball.com,fetch_not_attempted,0
USA Football,https://www.usafootball.com,fetch_not_attempted,0
USA FLAG (Flag Football World Championship Tour),https://usaflag.org,fetch_not_attempted,0
YMCA of the USA (flag football programs),https://www.ymca.org,fetch_not_attempted,0
National Association of Police Athletic Leagues (PAL),https://nationalpal.org,fetch_not_attempted,0
Boys & Girls Clubs of America (flag programs),https://www.bgca.org,fetch_not_attempted,0
Hoover Youth Flag Football,https://www.hooveralabama.gov/568/Youth-Flag-Football,fetch_not_attempted,0
Oak Mountain Youth Football Club (OMYFC),https://omyfc.com,fetch_not_attempted,0
NFL FLAG Alabama,https://www.nflflagalabama.com,fetch_not_attempted,0
Athens Youth Flag Football,https://www.athensalabama.us/386/Youth-Flag-Football,fetch_not_attempted,0
Juneau Youth Football League (JYFL),https://www.juneaufootball.com,fetch_not_attempted,0
Fairbanks Youth Football And Cheer (FYFC),https://www.fairbanksyouthfc.org,fetch_not_attempted,0
NLR Wildcats Youth Football,https://nlrwildcats.org,fetch_not_attempted,0
North Little Rock PAL Flag Football,https://nlrpal.com,fetch_not_attempted,0
Life CHAMPS Little Rock,https://lifechamps.org,fetch_not_attempted,0
Colorado NFL FLAG,https://www.coloradonflflag.com,fetch_not_attempted,0
Broncos Flag Football,https://www.broncosflagfootball.com,fetch_not_attempted,0
Littleton Youth Sports,https://www.littletonyouthsports.org,fetch_not_attempted,0
Connecticut Flag Football League (CT FLAG),https://www.ctflagfootball.com,fetch_not_attempted,0
Fairfield County Football League (FCFL),https://www.fairfieldcountyfootball.org,fetch_not_attempted,0
Northeast Flag Football League,https://www.northeastflagfootballleague.com,fetch_not_attempted,0
Greenwich Youth Football League (GYFL),https://www.greenwichyouthfootball.org,fetch_not_attempted,0
Wilmington Delaware NFL Flag Football,https://www.denflflag.com,fetch_not_attempted,0
Smyrna NFL Flag,https://www.nflflagsmyrnade.com,fetch_not_attempted,0
Brandywine Warriors Flag Football,https://brandywinewarriors.org,fetch_not_attempted,0
Jaguars Youth Flag Football League,https://www.jaguarsflag.com,fetch_not_attempted,0
East Orlando Preds,https://eastorlandopreds.org,fetch_not_attempted,0
Winter Park Flag Football,https://www.winterparkflagfootball.com,fetch_not_attempted,0
Tampa Bay BOLTS Flag Football,https://www.tampabaybolts.org,fetch_not_attempted,0
Premier Flag Football League (Bradenton-Sarasota),https://www.premiernflflag.com,fetch_not_attempted,0
GHSA Girls Flag Football,https://www.ghsa.net/flag-football,fetch_not_attempted,0
Georgia Youth Football League (GYFL),https://www.georgiayfl.org,fetch_not_attempted,0
NFL FLAG Hawaii,https://nflflagfootballhawaii.com,fetch_not_attempted,0
Friday Night Flag Idaho,https://www.fridaynightflag.com,fetch_not_attempted,0
Optimist Youth Football Boise,https://optimistyouthfootball.com,fetch_not_attempted,0
Idaho Youth Football League (IYFL),https://idahoyouthfootballleague.com,fetch_not_attempted,0
Meridian PAL Flag Football,https://www.meridianpal.org,fetch_not_attempted,0
Northern Illinois Youth Flag Football League (NIYFFL),https://www.niyflagfootball.org,fetch_not_attempted,0
Chicagoland Youth Football League (TCYFL),https://www.tcyfl.net,fetch_not_attempted,0
Junior Football League of Central Illinois (JFLOCI),https://www.jfloci.com,fetch_not_attempted,0
Indianapolis Colts Flag Football Network,https://www.colts.com/footballdevelopment/flag/flag-network,fetch_not_attempted,0
YMCA Greater Des Moines Flag Football,http://m.dmymca.org/sports-activities/flag-football,fetch_not_attempted,0
NFL FLAG Wichita,https://www.wichita.gov/455/NFL-FLAG-Wichita,fetch_not_attempted,0
YMCA Greater Kansas City Chiefs FLAG,https://kansascityymca.org/programs/youth-sports/chiefs,fetch_not_attempted,0
Boys & Girls Clubs Greater KC Flag Football,https://www.bgc-gkc.org/sports/flagfootball,fetch_not_attempted,0
The Gridiron C.R.I.B.,https://www.thegridironcrib.com,fetch_not_attempted,0
YMCA Greater Louisville Flag Football,https://www.ymcalouisville.org/programs/youth-sports/flag-football,fetch_not_attempted,0
Fern Creek Optimist NFL Flag,https://www.ferncreekoptimist.org,fetch_not_attempted,0
YMCA Central Kentucky,https://ymcacky.org,fetch_not_attempted,0
Northern Kentucky Youth Football League (NKYFL),https://www.nkyfl.net,fetch_not_attempted,0
Southern Maryland Youth Flag Football League (SMYFFL),https://www.smyffl.com,fetch_not_attempted,0
St. Mary's County Youth Sports NFL Flag,https://smcys.org,fetch_not_attempted,0
NFL FLAG Baltimore Ravens,https://www.baltimoreravens.com/fans/rise/nflflag/,fetch_not_attempted,0
Newton Area Flag Football League (NAFFL),https://www.newtonareaflagfootball.com,fetch_not_attempted,0
Hill House Boston NFL Flag Football,https://www.hillhouseboston.org,fetch_not_attempted,0
Western Mass Youth Flag Football,https://www.westernmassyouthflagfootball.com,fetch_not_attempted,0
Leominster NFL FLAG,https://www.leominsterflag.com,fetch_not_attempted,0
NFL FLAG Michigan,https://www.michiganyouthflagfootball.com,fetch_not_attempted,0
Michigan Made Youth Flag Football,https://www.michiganmade.net/youthflag,fetch_not_attempted,0
National Flag Football NFF Michigan,https://www.nationalflagfootball.com,fetch_not_attempted,0
Minnesota Vikings Community Flag Football,https://www.vikings.com/community/youth-football/nfl-flag/,fetch_not_attempted,0
Mississippi Gulf Coast YMCA Flag Football,https://www.mgcymca.org,fetch_not_attempted,0
New Mexico Young America Football League (NMYAFL),https://nmyafl.org,fetch_not_attempted,0
NFL Flag New Mexico,https://www.nflflag-nm.com,fetch_not_attempted,0
NYC Police Athletic League (PAL) Flag Football,https://palnyc.org/flag-football,fetch_not_attempted,0
Downtown Giants Youth Sports,https://downtowngiants.com,fetch_not_attempted,0
Long Island Flag Football League (LIFFL),https://liffl.com,fetch_not_attempted,0
Mad Dog NFL Flag Football (Westchester),https://www.maddognflflag.com,fetch_not_attempted,0
Carolina United Flag Football Club,https://cuflag.org,fetch_not_attempted,0
Triangle Flag Football League,https://triangleflag.com,fetch_not_attempted,0
Garner Sports League (GSL) Flag Football,https://garnerfootball.com,fetch_not_attempted,0
Charlotte Premier Sports League,https://www.charlottepremiersports.com,fetch_not_attempted,0
National Flag Football (NFF) Ohio,https://www.nationalflagfootball.com,fetch_not_attempted,0
Titans NFL FLAG,https://www.titansflagfootball.com,fetch_not_attempted,0
Murfreesboro Football League Flag Division,https://www.murfreesborotn.gov/474/Flag-Football,fetch_not_attempted,0
South Dakota Junior Football (SDJRFB),https://www.sdjrfb.com,fetch_not_attempted,0
Siouxland YMCA NFL FLAG,https://www.nwsymca.org/flag-football,fetch_not_attempted,0
Spirit Football Omaha,https://www.spirit-football.com,fetch_not_attempted,0
Millard United Sports,https://www.millardunited.com,fetch_not_attempted,0
Gretna Youth Sports Foundation (GYSF),http://www.gretnayouthfootball.com,fetch_not_attempted,0
Vegas Sports Foundation / NFL FLAG Las Vegas,https://www.vegasflag.com,fetch_not_attempted,0
New Hampshire Youth Football & Spirit Conference,https://www.nhyfsc.org,fetch_not_attempted,0
Bedford Bulldogs Youth Football,https://bedfordbulldogs.org,fetch_not_attempted,0
South Jersey NFL FLAG,https://www.sjnflfl.com,fetch_not_attempted,0
South Jersey Youth Flag Football (SJYFF),https://sjyff.flagfootballnj.com,fetch_not_attempted,0
Northern Virginia Youth Football League (NVYFL),https://www.nvyfl.org,fetch_not_attempted,0
Washington Commanders NFL FLAG,https://www.commanders.com/youth-football/flag-football,fetch_not_attempted,0
Seattle Seahawks Flag Football League,https://www.seahawkflagfootball.com,fetch_not_attempted,0
Green Bay Packers NFL FLAG / Girls League,https://www.packers.com/community/football-outreach,fetch_not_attempted,0
New Hampshire Flag Football League,https://www.nhffl.com,fetch_not_attempted,0
YMCA Huntington Flag Football,,no_website,0
Casper Junior Football League,https://www.casperjrfootball.com,fetch_not_attempted,0
Cheyenne Youth Flag Football,https://www.cheyenneyouthflagfootball.org,fetch_not_attempted,0
Missoula Youth Football (MYF) Flag Division,https://www.missoulayouthfootball.org,fetch_not_attempted,0
Billings YMCA NFL Flag Football,http://billingsymca.org,fetch_not_attempted,0
Livingston Rec Falcons Youth Flag Football,https://www.livingstonmontana.org/rec/page/livingston-rec-falcons-youth-flag-football,fetch_not_attempted,0
Next Level Flag Football Bozeman (Montana State),https://www.nextlevelsports.com,fetch_not_attempted,0
Teamwork Sports Nebraska,https://www.teamworksportsne.com/flag-football,fetch_not_attempted,0
Detroit Lions High School Girls Flag Football League,https://www.detroitlions.com,fetch_not_attempted,0
Minnesota Vikings Girls Flag Football League,https://www.vikings.com/community/youth-football/girls-flag/,fetch_not_attempted,0
Dallas Cowboys High School Girls Flag Football,https://www.dallascowboys.com,fetch_not_attempted,0
PSAL Girls Varsity Flag Football (NY Jets partnership),https://www.psal.org,fetch_not_attempted,0
GHSA Girls Flag Football,https://www.ghsa.net/flag-football,fetch_not_attempted,0
Connecticut Flag Football League CT Lady Matrix,https://www.ctflagfootball.com,fetch_not_attempted,0
BHC Flag Football Maryland,https://bhcyouth.com,fetch_not_attempted,0
Louisville Girls Flag Football,https://www.louisvillekyflag.com,fetch_not_attempted,0
New England Flag Football All-Girls,https://www.newenglandflagfootball.com,fetch_not_attempted,0
Fargo Park District Girls Flag Football (Vikings),https://www.fargoparks.com,fetch_not_attempted,0
CIF Girls Flag Football (California statewide),https://www.cif.org,fetch_not_attempted,0
Cali Queens SD,https://www.flagfootballfinder.com/organizations/cali-queens-sd,fetch_not_attempted,0
Vanguard Elite FFC,https://www.flagfootballfinder.com/flag-football-team/vanguard-elite-ffc,fetch_not_attempted,0
Desert Reign Flag Football,https://www.flagfootballfinder.com/organizations/desert-reign-flag-football,fetch_not_attempted,0
Michigan Inclusive Flag Football League (MIFFL),https://miffl.org,fetch_not_attempted,0
Long Island Rush Flag Football,,no_website,0
Carolina Panthers Challenger Flag Football,https://www.panthers.com/community/challenger-flag-football-home,fetch_not_attempted,0
